Iteration 1,Iteration 2,H1 Weekly Bill [€],H2 Weekly Bill [€],H3 Weekly Bill [€],H4 Weekly Bill [€],H5 Weekly Bill [€],H6 Weekly Bill [€],H7 Weekly Bill [€],H8 Weekly Bill [€],H9 Weekly Bill [€],H10 Weekly Bill [€]
0,12,11.728066904442334,17.56741436930035,3.2594109873285477,11.126106645041514,11.794439039949383,3.2486337545408146,11.77011336363576,3.235169342998124,11.888128760899605,3.234206831863527
1,12,11.728066904442334,17.56741436930035,3.2594109873285477,11.126106645041514,11.794439039949383,3.2486337545408146,11.77011336363576,3.235169342998124,11.888128760899605,3.234206831863527
2,12,11.728066904442334,17.56741436930035,3.2594109873285477,11.126106645041514,11.794439039949383,3.2486337545408146,11.77011336363576,3.235169342998124,11.888128760899605,3.234206831863527
3,12,11.728066904442334,17.56741436930035,3.2594109873285477,11.126106645041514,11.794439039949383,3.2486337545408146,11.77011336363576,3.235169342998124,11.888128760899605,3.234206831863527
4,12,11.728374159204671,17.5675329350267,3.247248497174822,11.148757178240858,11.88828269434639,3.249303295194424,11.770057546838732,3.2266479117918188,11.794672215223155,3.2308135669583855
5,12,11.728384656526142,17.56769283746922,3.247248497174822,11.148556985149474,11.888292929511818,3.249303295194424,11.770067938682029,3.2266479117918188,11.794681381541821,3.2308135669583855
6,12,11.72839305438332,17.56781966855658,3.247248497174822,11.148397921543026,11.888301117644161,3.249303295194424,11.770076252156667,3.2266479117918188,11.794688714596756,3.2308135669583855
7,12,11.72839977266906,17.567917767323635,3.247248497174822,11.148094036760694,11.888307668150034,3.249303295194424,11.770082902936377,3.2266479117918188,11.794694581040703,3.2308135669583855
8,12,11.728405147297654,17.56806326918472,3.247248497174822,11.147927906087391,11.888312908554735,3.249303295194424,11.770088223560144,3.2266479117918188,11.79469927419586,3.2308135669583855
